ID,name,year,gold,silver,bronze
0,A North American Team,1900,0,0,4
1,Afghanistan,2008,0,0,1
2,Afghanistan,2012,0,0,1
3,Algeria,1984,0,0,2
4,Algeria,1992,1,0,1
5,Algeria,1996,2,0,1
6,Algeria,2000,1,1,3
7,Algeria,2008,0,1,1
8,Algeria,2012,1,0,0
9,Algeria,2016,0,2,0
10,Ali-Baba II,1948,0,0,5
11,Amateur Athletic Association,1900,5,0,0
12,Amstel Amsterdam,1908,0,0,4
13,Ancora,1920,4,0,0
14,Angelita,1932,12,0,0
15,Antwerpia V,1920,0,0,5
16,Aphrodite,1964,0,0,3
17,Argentina,1924,5,3,2
18,Argentina,1928,3,18,5
19,Argentina,1932,3,1,0
20,Argentina,1936,5,2,4
21,Argentina,1948,3,2,1
22,Argentina,1952,2,2,2
23,Argentina,1956,0,1,1
24,Argentina,1960,0,0,1
25,Argentina,1964,0,1,0
26,Argentina,1968,0,0,2
27,Argentina,1972,0,1,0
28,Argentina,1988,0,1,12
29,Argentina,1992,0,0,2
30,Argentina,1996,0,19,1
31,Argentina,2000,0,17,3
32,Argentina,2004,28,0,21
33,Argentina,2008,20,0,31
34,Argentina,2012,1,15,3
35,Argentina,2016,21,1,0
36,Argonaut Rowing Club,1908,0,0,6
37,Armenia,1996,1,1,0
38,Armenia,2000,0,0,1
39,Armenia,2008,0,0,6
40,Armenia,2012,0,1,2
41,Armenia,2016,1,3,0
42,Aschenbrodel,1900,4,4,0
43,Atalanta Boat Club-1,1904,2,0,0
44,Atalanta Boat Club-2,1904,0,2,0
45,Atlanta,1920,9,0,0
46,Australasia,1908,15,2,2
47,Australasia,1912,5,2,3
48,Australia,1896,2,0,0
49,Australia,1900,2,0,3
50,Australia,1904,0,3,1
51,Australia,1906,0,0,3
52,Australia,1920,0,6,1
53,Australia,1924,4,5,2
54,Australia,1928,1,2,1
55,Australia,1932,3,1,1
56,Australia,1936,0,0,1
57,Australia,1948,2,9,5
58,Australia,1952,7,2,11
59,Australia,1956,28,11,23
60,Australia,1960,11,24,11
61,Australia,1964,5,6,30
62,Australia,1968,5,35,11
63,Australia,1972,11,7,2
64,Australia,1976,0,15,8
65,Australia,1980,6,2,5
66,Australia,1984,7,14,31
67,Australia,1988,18,6,11
68,Australia,1992,14,27,16
69,Australia,1994,0,0,4
70,Australia,1996,32,16,82
71,Australia,1998,0,0,1
72,Australia,2000,58,69,54
73,Australia,2002,2,0,0
74,Australia,2004,49,77,31
75,Australia,2006,1,0,1
76,Australia,2008,31,42,76
77,Australia,2010,2,1,0
78,Australia,2012,18,37,59
79,Australia,2014,0,2,1
80,Australia,2016,23,34,25
81,Australia-1,1996,0,0,2
82,Australia-1,2000,2,0,0
83,Australia/Great Britain,1896,0,0,2
84,Austria,1896,2,1,2
85,Austria,1900,0,3,3
86,Austria,1904,1,1,1
87,Austria,1906,3,3,3
88,Austria,1908,0,0,1
89,Austria,1912,0,9,5
90,Austria,1924,3,4,1
91,Austria,1928,3,2,2
92,Austria,1932,2,2,3
93,Austria,1936,7,42,9
94,Austria,1948,3,5,8
95,Austria,1952,2,5,4
96,Austria,1956,3,3,8
97,Austria,1960,2,4,3
98,Austria,1964,3,3,3
99,Austria,1968,3,4,7
100,Austria,1972,1,3,4
101,Austria,1976,2,2,2
102,Austria,1980,4,5,2
103,Austria,1984,1,1,2
104,Austria,1988,4,5,4
105,Austria,1992,5,16,10
106,Austria,1994,2,3,7
107,Austria,1996,0,1,2
108,Austria,1998,3,5,12
109,Austria,2000,3,1,0
110,Austria,2002,3,4,13
111,Austria,2004,3,4,1
112,Austria,2006,14,7,7
113,Austria,2008,0,1,2
114,Austria,2010,9,9,6
115,Austria,2014,4,10,11
116,Austria,2016,0,0,2
117,Austria-1,1928,0,2,0
118,Austria-1,1936,0,2,0
119,Austria-1,1956,2,0,0
120,Austria-1,1964,2,4,0
121,Austria-1,1968,0,6,0
122,Austria-1,1976,0,0,2
123,Austria-1,1980,0,0,2
124,Austria-1,1992,4,0,0
125,Austria-1,2006,2,0,0
126,Austria-1,2010,2,0,0
127,Austria-1,2014,0,2,0
128,Austria-2,1928,0,0,2
129,Austria-2,1964,0,2,0
130,Azerbaijan,1996,0,1,0
131,Azerbaijan,2000,2,0,1
132,Azerbaijan,2004,1,0,4
133,Azerbaijan,2008,1,2,4
134,Azerbaijan,2012,2,2,6
135,Azerbaijan,2016,1,7,10
136,"BLO Polo Club, Rugby",1900,0,4,0
137,Baby-1,1900,1,0,1
138,"Bagatelle Polo Club, Paris",1900,0,0,4
139,Bahamas,1992,0,0,1
140,Bahamas,1996,0,5,0
141,Bahamas,2000,6,0,5
142,Bahamas,2004,1,0,1
143,Bahamas,2008,0,6,1
144,Bahamas,2012,4,0,0
145,Bahamas,2016,1,0,5
146,Bahrain,2012,0,0,1
147,Bahrain,2016,1,1,0
148,Ballerina IV,1960,0,0,3
149,Barbados,2000,0,0,1
150,Barion/Bari-2,1906,0,3,0
151,Barrenjoey,1964,3,0,0
152,Beatrijs III-1,1920,3,0,0
153,Belarus,1994,0,2,0
154,Belarus,1996,1,6,16
155,Belarus,1998,0,0,2
156,Belarus,2000,3,8,11
157,Belarus,2002,0,0,1
158,Belarus,2004,2,5,8
159,Belarus,2006,0,1,0
160,Belarus,2008,8,5,16
161,Belarus,2010,1,1,1
162,Belarus,2012,3,12,8
163,Belarus,2014,5,0,1
164,Belarus,2016,1,4,7
165,Belgium,1900,5,5,4
166,Belgium,1906,2,1,6
167,Belgium,1908,1,12,8
168,Belgium,1912,7,1,11
169,Belgium,1920,54,62,61
170,Belgium,1924,3,30,6
171,Belgium,1928,0,1,5
172,Belgium,1932,0,0,1
173,Belgium,1936,0,0,14
174,Belgium,1948,7,6,8
175,Belgium,1952,5,3,0
176,Belgium,1956,0,2,0
177,Belgium,1960,0,2,2
178,Belgium,1964,2,0,1
179,Belgium,1968,0,1,2
180,Belgium,1972,0,2,0
181,Belgium,1976,0,3,6
182,Belgium,1980,1,0,0
183,Belgium,1984,1,2,2
184,Belgium,1988,0,0,2
185,Belgium,1992,0,1,2
186,Belgium,1996,2,2,2
187,Belgium,1998,0,0,1
188,Belgium,2000,0,3,4
189,Belgium,2004,1,0,2
190,Belgium,2008,1,4,0
191,Belgium,2012,0,1,2
192,Belgium,2016,2,17,2
193,Belgium-1,1900,1,0,0
194,Belgium-1,1924,0,0,5
195,Bem II,1936,0,0,2
196,Bera,1924,5,0,0
197,Berliner Ruderclub,1908,0,0,2
198,Berliner Ruderverein von 1876-2,1912,0,0,9
199,Bermuda,1976,0,0,1
200,Bingo,1964,0,0,3
201,Bissbi,1932,4,0,0
202,Bluebottle,1956,0,0,3
203,Bohemia,1900,0,1,1
204,Bohemia,1906,0,0,3
205,Bohemia,1908,0,0,6
206,Bohemia/Great Britain,1900,0,0,2
207,Bona Fide,1900,3,0,0
208,Bonaparte,2008,1,0,0
209,Bonzo,1924,0,3,0
210,Boreas-2,1920,0,2,0
211,Boston Archers,1904,0,0,4
212,Botswana,2012,0,1,0
213,Brazil,1920,1,1,5
214,Brazil,1948,0,0,10
215,Brazil,1952,1,0,2
216,Brazil,1956,1,0,0
217,Brazil,1960,0,0,13
218,Brazil,1964,0,0,12
219,Brazil,1968,0,1,3
220,Brazil,1972,0,0,2
221,Brazil,1976,0,0,3
222,Brazil,1980,4,0,5
223,Brazil,1984,1,33,2
224,Brazil,1988,1,17,5
225,Brazil,1992,13,1,0
226,Brazil,1996,3,13,43
227,Brazil,2000,0,8,34
228,Brazil,2004,16,17,3
229,Brazil,2008,14,32,28
230,Brazil,2012,14,32,9
231,Brazil,2016,34,6,6
232,Brazil-1,1996,2,0,0
233,Brazil-1,2000,0,4,0
234,Brazil-1,2004,2,2,0
235,Brazil-1,2008,0,2,0
236,Brazil-1,2012,0,2,2
237,Brazil-1,2016,2,2,0
238,Brazil-2,1996,0,2,0
239,Brazil-2,2000,0,0,2
240,Brazil-2,2008,0,0,2
241,Brussels Swimming and Water Polo Club,1900,0,10,0
242,Brynhild-2,1900,0,1,0
243,Bucintoro Venezia,1906,8,0,0
244,Bucintoro Venezia-1,1906,3,0,0
245,Bulgaria,1952,0,0,1
246,Bulgaria,1956,1,3,14
247,Bulgaria,1960,1,3,3
248,Bulgaria,1964,3,5,2
249,Bulgaria,1968,2,21,3
250,Bulgaria,1972,6,10,6
251,Bulgaria,1976,8,13,18
252,Bulgaria,1980,8,44,39
253,Bulgaria,1988,10,14,17
254,Bulgaria,1992,3,7,7
255,Bulgaria,1996,3,12,6
256,Bulgaria,1998,1,0,0
257,Bulgaria,2000,5,6,2
258,Bulgaria,2002,0,1,2
259,Bulgaria,2004,2,1,14
260,Bulgaria,2006,0,1,0
261,Bulgaria,2008,1,1,3
262,Bulgaria,2012,0,1,1
263,Bulgaria,2016,0,1,6
264,Buraddoo,1956,0,0,3
265,Burundi,1996,1,0,0
266,Burundi,2016,0,1,0
267,Cambridge University Boat Club-2,1908,0,0,9
268,Cameroon,1968,0,1,0
269,Cameroon,1984,0,0,1
270,Cameroon,2000,18,0,0
271,Cameroon,2004,1,0,0
272,Cameroon,2008,1,0,0
273,Camille,1908,1,0,0
274,Canada,1900,1,0,1
275,Canada,1904,2,0,0
276,Canada,1906,1,1,0
277,Canada,1908,14,8,15
278,Canada,1912,3,2,3
279,Canada,1920,10,3,3
280,Canada,1924,9,19,1
281,Canada,1928,19,5,21
282,Canada,1932,16,8,25
283,Canada,1936,1,25,9
284,Canada,1948,13,2,7
285,Canada,1952,17,3,1
286,Canada,1956,5,9,23
287,Canada,1960,1,26,1
288,Canada,1964,2,2,2
289,Canada,1968,4,4,22
290,Canada,1972,0,3,9
291,Canada,1976,1,10,15
292,Canada,1980,0,1,1
293,Canada,1984,21,37,33
294,Canada,1988,4,7,16
295,Canada,1992,32,33,13
296,Canada,1994,3,29,3
297,Canada,1996,8,30,10
298,Canada,1998,12,28,7
299,Canada,2000,4,4,23
300,Canada,2002,50,7,15
301,Canada,2004,3,10,4
302,Canada,2006,30,26,11
303,Canada,2008,11,13,11
304,Canada,2010,63,13,4
305,Canada,2012,1,21,33
306,Canada,2014,57,20,5
307,Canada,2016,4,4,61
308,Canada-1,1956,0,2,0
309,Canada-1,1960,2,0,0
310,Canada-1,1964,4,2,0
311,Canada-1,1988,0,0,2
312,Canada-1,1992,0,0,2
313,Canada-1,1994,0,0,2
314,Canada-1,1996,0,0,2
315,Canada-1,1998,2,0,0
316,Canada-1,2002,2,0,0
317,Canada-1,2006,0,2,0
318,Canada-1,2010,4,0,4
319,Canada-1,2014,2,2,0
320,Canada-2,2010,0,2,0
321,Caprice,1932,0,0,4
322,Carabinier-15,1900,1,0,0
323,"Central Turnverein, Chicago",1904,0,0,6
324,Century Boat Club-1,1904,4,0,0
325,Cercle de l'Aviron Roubaix-4,1900,5,0,0
326,Chicago Athletic Association,1904,0,5,0
327,Chicago Athletic Association-2,1904,0,11,0
328,Chile,1928,0,1,0
329,Chile,1952,0,4,0
330,Chile,1956,0,2,2
331,Chile,1988,0,1,0
332,Chile,2000,0,0,17
333,Chile,2004,3,0,1
334,Chile,2008,0,1,0
335,China,1984,24,13,37
336,China,1988,4,16,30
337,China,1992,14,44,15
338,China,1994,0,1,2
339,China,1996,13,66,15
340,China,1998,0,9,5
341,China,2000,31,19,15
342,China,2002,2,5,7
343,China,2004,42,27,13
344,China,2006,2,3,4
345,China,2008,72,49,49
346,China,2010,7,1,7
347,China,2012,50,38,29
348,China,2014,3,4,5
349,China,2016,44,30,35
350,China-1,1988,2,0,0
351,China-1,1992,2,4,0
352,China-1,1996,2,2,0
353,China-1,2000,2,2,2
354,China-1,2002,0,0,2
355,China-1,2004,8,0,0
356,China-1,2006,0,2,0
357,China-1,2008,2,4,4
358,China-1,2010,2,0,0
359,China-1,2012,6,0,0
360,China-1,2016,2,0,2
361,China-2,1992,2,0,4
362,China-2,1996,4,2,2
363,China-2,2000,6,2,0
364,China-2,2004,2,0,2
365,China-2,2008,0,0,4
366,China-2,2010,0,2,0
367,China-2,2012,0,2,0
368,China-3,2006,0,0,2
369,Chinese Taipei,1960,0,1,0
370,Chinese Taipei,1968,0,0,1
371,Chinese Taipei,1984,0,0,1
372,Chinese Taipei,1992,0,20,0
373,Chinese Taipei,1996,0,1,0
374,Chinese Taipei,2000,0,1,4
375,Chinese Taipei,2004,2,4,3
376,Chinese Taipei,2008,0,0,4
377,Chinese Taipei,2012,0,1,1
378,Chinese Taipei,2016,1,0,4
379,Christian Brothers' College-1,1904,0,11,0
380,Chuckles,1956,0,0,2
381,Cicely-1,1900,1,0,0
382,Cincinnati Archers,1904,4,4,0
383,Clearwater,2008,0,0,1
384,Club Nautique de Lyon-2,1900,0,4,0
385,Cobweb-1,1908,5,0,0
386,Colombia,1972,0,1,2
387,Colombia,1984,0,1,0
388,Colombia,1988,0,0,1
389,Colombia,1992,0,0,1
390,Colombia,2000,1,0,0
391,Colombia,2004,0,0,2
392,Colombia,2008,0,1,1
393,Colombia,2012,1,3,4
394,Colombia,2016,3,2,3
395,Comanche,1952,0,2,0
396,Complex II,1952,4,0,0
397,Cornwall,1908,0,15,0
398,Costa Rica,1988,0,1,0
399,Costa Rica,1996,1,0,0
400,Costa Rica,2000,0,0,2
401,Cote d'Ivoire,1984,0,1,0
402,Cote d'Ivoire,2016,1,0,1
403,Crabe II-1,1900,0,5,0
404,Crabe II-4,1900,0,0,5
405,Croatia,1992,0,12,3
406,Croatia,1996,16,12,0
407,Croatia,2000,1,0,9
408,Croatia,2002,3,1,0
409,Croatia,2004,15,3,3
410,Croatia,2006,1,2,0
411,Croatia,2008,0,2,3
412,Croatia,2010,0,2,1
413,Croatia,2012,15,4,16
414,Croatia,2014,0,1,0
415,Croatia,2016,7,15,2
416,Cuba,1900,1,1,0
417,Cuba,1904,5,0,0
418,Cuba,1964,0,1,0
419,Cuba,1968,0,10,0
420,Cuba,1972,3,1,18
421,Cuba,1976,6,4,14
422,Cuba,1980,8,7,5
423,Cuba,1992,42,13,14
424,Cuba,1996,37,8,10
425,Cuba,2000,18,35,12
426,Cuba,2004,32,8,22
427,Cuba,2008,2,34,11
428,Cuba,2012,5,3,6
429,Cuba,2016,5,2,4
430,Cyprus,2012,0,1,0
431,Czech Republic,1996,4,3,4
432,Czech Republic,1998,21,1,1
433,Czech Republic,2000,2,3,2
434,Czech Republic,2002,1,2,0
435,Czech Republic,2004,1,6,4
436,Czech Republic,2006,1,2,24
437,Czech Republic,2008,3,4,0
438,Czech Republic,2010,2,0,7
439,Czech Republic,2012,4,2,6
440,Czech Republic,2014,2,7,2
441,Czech Republic,2016,1,2,10
442,Czech Republic-1,1996,0,2,0
443,Czech Republic-1,2000,0,0,2
444,Czech Republic-1,2004,0,0,2
445,Czech Republic-1,2012,0,2,0
446,Czech Republic-1,2016,0,0,2
447,Czechoslovakia,1920,0,0,10
448,Czechoslovakia,1924,1,4,5
449,Czechoslovakia,1928,2,12,3
450,Czechoslovakia,1932,1,3,2
451,Czechoslovakia,1936,5,12,1
452,Czechoslovakia,1948,14,20,3
453,Czechoslovakia,1952,11,4,10
454,Czechoslovakia,1956,1,5,1
455,Czechoslovakia,1960,4,8,11
456,Czechoslovakia,1964,5,37,29
457,Czechoslovakia,1968,8,26,16
458,Czechoslovakia,1972,3,21,25
459,Czechoslovakia,1976,2,23,9
460,Czechoslovakia,1980,17,18,17
461,Czechoslovakia,1984,0,24,4
462,Czechoslovakia,1988,3,5,8
463,Czechoslovakia,1992,4,1,28
464,Czechoslovakia-1,1992,0,2,0
465,Denmark,1896,1,2,3
466,Denmark,1900,1,3,2
467,Denmark,1906,14,19,1
468,Denmark,1908,0,14,3
469,Denmark,1912,0,46,28
470,Denmark,1920,26,44,1
471,Denmark,1924,2,6,3
472,Denmark,1928,6,1,4
473,Denmark,1932,0,7,4
474,Denmark,1936,0,3,3
475,Denmark,1948,7,17,24
476,Denmark,1952,3,1,5
477,Denmark,1956,1,1,1
478,Denmark,1960,2,12,4
479,Denmark,1964,4,1,4
480,Denmark,1968,5,6,6
481,Denmark,1972,1,0,0
482,Denmark,1976,3,0,5
483,Denmark,1980,4,2,2
484,Denmark,1984,0,3,10
485,Denmark,1988,3,1,3
486,Denmark,1992,3,2,9
487,Denmark,1996,21,1,1
488,Denmark,1998,0,5,0
489,Denmark,2000,18,3,4
490,Denmark,2004,19,1,7
491,Denmark,2008,6,7,3
492,Denmark,2012,3,5,6
493,Denmark,2016,15,10,16
494,Denmark-1,2012,0,0,2
495,Denmark-2,2004,0,0,2
496,Denmark/Sweden,1900,6,0,0
497,Deutscher Schwimm Verband Berlin,1900,4,0,0
498,Devon and Somerset Wanderers,1900,12,0,0
499,Digby,2008,0,0,1
500,Djibouti,1988,0,0,1
501,Djinn,1948,0,5,0
502,Dominican Republic,1984,0,0,1
503,Dominican Republic,2004,1,0,0
504,Dominican Republic,2008,1,1,0
505,Dominican Republic,2012,1,1,0
506,Dominican Republic,2016,0,0,1
507,Don Schufro,2008,0,0,1
508,Dormy-1,1908,3,0,0
509,East Germany,1968,13,22,21
510,East Germany,1972,31,67,65
511,East Germany,1976,106,55,54
512,East Germany,1980,125,97,65
513,East Germany,1984,7,7,5
514,East Germany,1988,87,61,53
515,East Germany-1,1968,2,0,0
516,East Germany-1,1972,4,0,2
517,East Germany-1,1976,6,2,0
518,East Germany-1,1980,6,0,4
519,East Germany-1,1984,4,2,2
520,East Germany-1,1988,2,6,0
521,East Germany-2,1972,0,0,2
522,East Germany-2,1976,2,0,2
523,East Germany-2,1980,0,2,4
524,East Germany-2,1984,2,4,0
525,East Germany-2,1988,0,2,2
526,Ecuador,1996,1,0,0
527,Ecuador,2008,0,1,0
528,Edelweiss II-1,1920,3,0,0
529,Egypt,1928,2,1,1
530,Egypt,1936,2,1,2
531,Egypt,1948,2,2,1
532,Egypt,1952,0,0,1
533,Egypt,1984,0,1,0
534,Egypt,2004,1,1,3
535,Egypt,2008,0,0,1
536,Egypt,2012,0,2,0
537,Egypt,2016,0,0,3
538,Eleda,1920,7,0,0
539,Elisabeth V,1924,3,0,0
540,Elisabeth X,1952,0,5,0
541,Elsie,1920,0,4,0
542,Elvis Va,2008,1,0,0
543,Emily,1924,0,5,0
544,Encore,1952,0,3,0
545,England,1912,0,1,0
546,England-1,1908,11,0,0
547,England-1,1912,0,12,0
548,Eritrea,2004,0,0,1
549,Erna Signe,1912,0,10,0
550,Espadarte,1952,0,0,2
551,Esterel-1,1900,2,0,0
552,Estonia,1920,1,2,0
553,Estonia,1924,1,1,4
554,Estonia,1928,2,1,1
555,Estonia,1936,2,2,3
556,Estonia,1992,1,0,2
557,Estonia,2000,1,0,2
558,Estonia,2002,1,1,1
559,Estonia,2004,0,1,2
560,Estonia,2006,3,0,0
561,Estonia,2008,1,2,0
562,Estonia,2010,0,1,0
563,Estonia,2012,0,1,1
564,Estonia,2016,0,0,4
565,Ethiopia,1960,1,0,0
566,Ethiopia,1964,1,0,0
567,Ethiopia,1968,1,1,0
568,Ethiopia,1972,0,0,2
569,Ethiopia,1980,2,0,2
570,Ethiopia,1992,1,0,2
571,Ethiopia,1996,2,0,1
572,Ethiopia,2000,4,1,3
573,Ethiopia,2004,2,3,2
574,Ethiopia,2008,4,1,2
575,Ethiopia,2012,3,1,3
576,Ethiopia,2016,1,2,5
577,Ethnikos Gymnastikos Syllogos,1896,0,0,2
578,Falcon IV,1956,0,2,0
579,Fantlet-7,1900,1,0,0
580,Favorite Hammonia-3,1900,0,0,6
581,Favorite-1,1900,0,8,0
582,Femur-1,1900,1,0,0
583,Fiji,2016,13,0,0
584,Finland,1906,2,1,1
585,Finland,1908,1,1,28
586,Finland,1912,9,33,10
587,Finland,1920,21,14,17
588,Finland,1924,28,21,18
589,Finland,1928,10,9,10
590,Finland,1932,6,9,17
591,Finland,1936,12,8,16
592,Finland,1948,18,14,10
593,Finland,1952,14,7,26
594,Finland,1956,8,7,23
595,Finland,1960,6,4,9
596,Finland,1964,6,7,7
597,Finland,1968,2,4,6
598,Finland,1972,3,10,7
599,Finland,1976,9,12,1
600,Finland,1980,4,6,11
601,Finland,1984,8,5,18
602,Finland,1988,8,23,7
603,Finland,1992,7,5,8
604,Finland,1994,0,1,29
605,Finland,1996,1,2,1
606,Finland,1998,2,7,49
607,Finland,2000,3,1,1
608,Finland,2002,7,5,1
609,Finland,2004,0,2,0
610,Finland,2006,0,34,7
611,Finland,2008,1,2,2
612,Finland,2010,0,1,46
613,Finland,2012,0,1,4
614,Finland,2014,2,7,24
615,Finland,2016,0,0,1
616,Formosa,1900,0,0,1
617,Fornebo,1920,0,4,0
618,Foxhunters Hurlingham,1900,5,0,0
619,France,1896,5,4,2
620,France,1900,22,27,26
621,France,1904,0,1,0
622,France,1906,20,8,17
623,France,1908,11,5,20
624,France,1912,7,11,5
625,France,1920,11,68,55
626,France,1924,37,49,23
627,France,1928,8,24,14
628,France,1932,28,8,6
629,France,1936,13,13,19
630,France,1948,28,23,26
631,France,1952,14,9,18
632,France,1956,7,13,13
633,France,1960,1,6,8
634,France,1964,4,17,17
635,France,1968,16,8,12
636,France,1972,2,6,17
637,France,1976,5,7,9
638,France,1980,18,5,7
639,France,1984,20,17,33
640,France,1988,13,4,14
641,France,1992,14,9,42
642,France,1994,0,1,10
643,France,1996,19,10,20
644,France,1998,2,1,10
645,France,2000,22,30,12
646,France,2002,3,5,5
647,France,2004,21,10,22
648,France,2006,3,2,10
649,France,2008,25,24,28
650,France,2010,2,6,6
651,France,2012,30,28,20
652,France,2014,4,4,10
653,France,2016,20,55,21
654,France-1,1900,0,1,3
655,France-1,1924,0,2,2
656,France-1,1992,0,2,2
657,France-1,1996,2,0,0
658,France-1,1998,0,0,2
659,France-1,2000,0,0,2
660,France-1,2002,2,0,0
661,France-1,2012,0,2,0
662,France-2,1924,0,0,2
663,France-2,2012,0,0,2
664,France-3,1920,2,0,2
665,France/Great Britain,1900,0,2,0
666,Frankfurt Club,1900,0,15,0
667,Frimousse,1900,0,0,1
668,Gabon,2012,0,1,0
669,Gallant,1932,0,5,0
670,Gallia II,1912,0,0,7
671,Galt Football Club,1904,13,0,0
672,Gem,1964,2,0,0
673,Gem IV,1956,0,0,2
674,Georgia,1996,0,0,2
675,Georgia,2000,0,0,6
676,Georgia,2004,2,2,0
677,Georgia,2008,3,0,3
678,Georgia,2012,1,3,3
679,Georgia,2016,2,1,4
680,Germania II,1936,0,0,6
681,"Germania Ruder Club, Hamburg-2",1900,5,0,0
682,Germany,1896,24,5,2
683,Germany,1900,1,1,0
684,Germany,1904,4,5,6
685,Germany,1906,14,10,6
686,Germany,1908,4,11,4
687,Germany,1912,6,19,14
688,Germany,1928,21,15,41
689,Germany,1932,10,26,17
690,Germany,1936,93,72,55
691,Germany,1952,4,16,25
692,Germany,1956,10,20,24
693,Germany,1960,38,35,20
694,Germany,1964,25,43,53
695,Germany,1992,93,66,65
696,Germany,1994,14,10,6
697,Germany,1996,42,35,45
698,Germany,1998,16,12,6
699,Germany,2000,31,23,62
700,Germany,2002,18,21,10
701,Germany,2004,41,43,63
702,Germany,2006,15,23,6
703,Germany,2008,39,16,41
704,Germany,2010,13,18,11
705,Germany,2012,43,27,22
706,Germany,2014,13,12,7
707,Germany,2016,47,43,67
708,Germany-1,1932,0,0,4
709,Germany-1,1936,2,0,0
710,Germany-1,1952,4,0,0
711,Germany-1,1960,0,2,0
712,Germany-1,1964,0,2,0
713,Germany-1,1992,2,6,0
714,Germany-1,1994,0,0,6
715,Germany-1,1996,0,0,2
716,Germany-1,1998,2,0,4
717,Germany-1,2000,0,0,2
718,Germany-1,2002,2,2,0
719,Germany-1,2004,0,2,0
720,Germany-1,2006,8,2,0
721,Germany-1,2010,2,4,2
722,Germany-1,2012,2,0,0
723,Germany-1,2014,2,0,2
724,Germany-1,2016,2,0,0
725,Germany-2,1928,0,0,5
726,Germany-2,1992,0,2,2
727,Germany-2,1994,4,0,0
728,Germany-2,1998,4,0,0
729,Germany-2,2002,6,0,2
730,Germany-2,2010,0,2,2
731,Ghana,1960,0,1,0
732,Ghana,1964,0,0,1
733,Ghana,1972,0,0,1
734,Ghana,1992,0,0,20
735,Gitana-2,1900,0,5,5
736,Glider,1964,0,2,0
737,Great Britain,1896,2,3,2
738,Great Britain,1900,9,6,7
739,Great Britain,1904,1,1,0
740,Great Britain,1906,9,14,8
741,Great Britain,1908,69,64,34
742,Great Britain,1912,36,35,57
743,Great Britain,1920,46,40,15
744,Great Britain,1924,31,23,28
745,Great Britain,1928,7,27,25
746,Great Britain,1932,9,10,14
747,Great Britain,1936,19,17,11
748,Great Britain,1948,5,42,14
749,Great Britain,1952,4,2,26
750,Great Britain,1956,8,12,17
751,Great Britain,1960,2,11,15
752,Great Britain,1964,4,17,5
753,Great Britain,1968,9,5,5
754,Great Britain,1972,8,9,12
755,Great Britain,1976,7,15,11
756,Great Britain,1980,6,18,24
757,Great Britain,1984,9,20,42
758,Great Britain,1988,22,17,15
759,Great Britain,1992,8,3,39
760,Great Britain,1994,0,0,3
761,Great Britain,1996,2,15,9
762,Great Britain,1998,0,0,4
763,Great Britain,2000,22,20,10
764,Great Britain,2002,5,0,1
765,Great Britain,2004,17,23,15
766,Great Britain,2006,0,1,0
767,Great Britain,2008,31,25,25
768,Great Britain,2010,1,0,0
769,Great Britain,2012,46,28,48
770,Great Britain,2014,1,4,5
771,Great Britain,2016,64,55,26
772,Great Britain-1,1900,2,0,0
773,Great Britain-1,1908,12,2,0
774,Great Britain-1,1912,0,2,0
775,Great Britain-1,1920,0,0,2
776,Great Britain-1,1924,0,4,2
777,Great Britain-1,1964,2,0,0
778,Great Britain-1,1984,2,0,0
779,Great Britain-1,2004,0,2,0
780,Great Britain-1,2012,2,0,0
781,Great Britain-2,1900,0,0,2
782,Great Britain-2,1908,0,6,8
783,Great Britain-2,1912,2,0,2
784,Great Britain-2,1920,2,0,0
785,Great Britain-2,1924,0,2,0
786,Great Britain-2,2000,0,0,2
787,Great Britain-2,2012,0,2,0
788,Great Britain-3,1908,0,0,4
789,Great Britain-3,1920,0,2,0
790,Great Britain/Germany,1896,2,0,0
791,Greece,1896,10,16,18
792,Greece,1904,1,0,1
793,Greece,1906,7,11,10
794,Greece,1908,0,3,1
795,Greece,1912,1,0,1
796,Greece,1920,0,5,0
797,Greece,1924,1,0,0
798,Greece,1956,0,0,1
799,Greece,1968,0,0,1
800,Greece,1972,0,2,0
801,Greece,1980,1,0,4
802,Greece,1984,0,1,1
803,Greece,1988,0,0,1
804,Greece,1992,2,0,0
805,Greece,1996,4,4,0
806,Greece,2000,4,6,8
807,Greece,2004,8,18,5
808,Greece,2008,0,3,4
809,Greece,2012,0,0,3
810,Greece,2016,3,1,3
811,Greece-1,1896,0,2,0
812,Greece-1,1906,0,4,0
813,Greece-2,1906,0,0,2
814,Grenada,2012,1,0,0
815,Grenada,2016,0,1,0
816,Guatemala,2012,0,1,0
817,Gustel X,1952,0,0,3
818,Guyana,1980,0,0,1
819,Guyoni,1908,0,0,3
820,Gwendoline-2,1900,0,0,3
821,Gyrinus-1,1908,6,0,0
822,Haiti,1924,0,0,5
823,Haiti,1928,0,1,0
824,Heatherbell,1912,0,0,7
825,Heira II,1920,9,0,0
826,Hera-1,1908,10,0,0
827,Heroine,1908,4,0,0
828,Hi-Hi,1928,0,4,0
829,Hilarius,1948,2,0,0
830,Hojwa,1952,0,0,3
831,Hollandia,1928,0,6,0
832,Hong Kong,1996,1,0,0
833,Hong Kong,2012,0,0,1
834,Hong Kong-2,2004,0,2,0
835,Humbug V,1964,0,0,2
836,Hungary,1896,2,1,3
837,Hungary,1900,1,2,2
838,Hungary,1904,2,1,1
839,Hungary,1906,5,5,3
840,Hungary,1908,7,7,6
841,Hungary,1912,10,17,3
842,Hungary,1924,2,12,8
843,Hungary,1928,10,11,0
844,Hungary,1932,20,5,8
845,Hungary,1936,25,1,15
846,Hungary,1948,15,25,22
847,Hungary,1952,53,17,32
848,Hungary,1956,30,20,16
849,Hungary,1960,13,16,37
850,Hungary,1964,42,7,7
851,Hungary,1968,32,20,29
852,Hungary,1972,10,46,25
853,Hungary,1976,14,6,35
854,Hungary,1980,8,15,40
855,Hungary,1988,20,9,15
856,Hungary,1992,14,23,8
857,Hungary,1996,8,9,26
858,Hungary,2000,25,24,4
859,Hungary,2004,24,12,4
860,Hungary,2008,16,8,3
861,Hungary,2012,12,8,6
862,Hungary,2016,12,3,7
863,Hungary-1,1932,0,0,2
864,Hungary-1,1936,0,0,2
865,Hungary-1,1948,0,2,0
866,Hungary-1,1952,0,0,2
867,Hurlingham-2,1908,0,4,0
868,Iceland,1956,0,1,0
869,Iceland,1984,0,0,1
870,Iceland,2000,0,0,1
871,Iceland,2008,0,14,0
872,Independent Rowing Club-3,1904,0,0,2
873,India,1900,0,2,0
874,India,1924,7,0,0
875,India,1928,14,0,0
876,India,1932,15,0,0
877,India,1936,19,0,0
878,India,1948,20,0,0
879,India,1952,14,0,1
880,India,1956,17,0,0
881,India,1960,0,13,0
882,India,1964,15,0,0
883,India,1968,0,0,16
884,India,1972,0,0,14
885,India,1980,16,0,0
886,India,1996,0,0,1
887,India,2000,0,0,1
888,India,2004,0,1,0
889,India,2008,1,0,2
890,India,2012,0,2,4
891,India,2016,0,1,1
892,Individual Olympic Athletes,1992,0,1,2
893,Individual Olympic Athletes,2016,1,0,1
894,Indonesia,1988,0,3,0
895,Indonesia,1992,2,1,1
896,Indonesia,1996,2,1,1
897,Indonesia,2000,2,2,2
898,Indonesia,2004,1,1,1
899,Indonesia,2008,0,0,3
900,Indonesia,2012,0,1,1
901,Indonesia,2016,0,2,0
902,Indonesia-1,1992,0,2,0
903,Indonesia-1,1996,0,0,2
904,Indonesia-1,2000,0,2,0
905,Indonesia-1,2004,0,0,2
906,Indonesia-1,2008,2,2,0
907,Indonesia-1,2016,2,0,0
908,Iran,1948,0,0,1
909,Iran,1952,0,3,4
910,Iran,1956,2,2,1
911,Iran,1960,0,1,3
912,Iran,1964,0,0,2
913,Iran,1968,2,1,2
914,Iran,1972,0,2,1
915,Iran,1976,0,1,1
916,Iran,1988,0,1,0
917,Iran,1992,0,1,2
918,Iran,1996,1,1,1
919,Iran,2000,3,0,1
920,Iran,2004,2,2,2
921,Iran,2008,1,0,1
922,Iran,2012,4,5,3
923,Iran,2016,3,1,4
924,Iraq,1960,0,0,1
925,Ireland,1924,0,1,1
926,Ireland,1928,1,0,0
927,Ireland,1932,2,0,0
928,Ireland,1948,0,0,1
929,Ireland,1952,0,1,0
930,Ireland,1956,1,1,3
931,Ireland,1964,0,0,1
932,Ireland,1980,0,2,1
933,Ireland,1984,0,1,0
934,Ireland,1992,1,1,0
935,Ireland,1996,3,0,1
936,Ireland,2000,0,1,0
937,Ireland,2008,0,1,2
938,Ireland,2012,1,1,3
939,Ireland,2016,0,3,0
940,Ireland-2,1908,0,12,0
941,Ireland-3,1908,0,4,0
942,Irene,1920,5,0,0
943,Israel,1992,0,1,1
944,Israel,1996,0,0,1
945,Israel,2000,0,0,1
946,Israel,2004,1,0,1
947,Israel,2008,0,0,1
948,Israel,2016,0,0,2
949,Italia,1936,6,0,0
950,Italy,1900,3,2,0
951,Italy,1906,3,5,1
952,Italy,1908,2,6,0
953,Italy,1912,22,1,2
954,Italy,1920,67,9,8
955,Italy,1924,25,5,21
956,Italy,1928,24,22,26
957,Italy,1932,21,38,18
958,Italy,1936,31,34,5
959,Italy,1948,22,32,14
960,Italy,1952,16,22,16
961,Italy,1956,26,9,10
962,Italy,1960,36,18,32
963,Italy,1964,14,28,9
964,Italy,1968,7,8,20
965,Italy,1972,10,4,14
966,Italy,1976,3,27,5
967,Italy,1980,8,22,8
968,Italy,1984,31,6,28
969,Italy,1988,13,11,13
970,Italy,1992,25,19,20
971,Italy,1994,12,4,10
972,Italy,1996,19,24,28
973,Italy,1998,1,9,5
974,Italy,2000,22,14,29
975,Italy,2002,4,11,4
976,Italy,2004,24,41,39
977,Italy,2006,11,0,10
978,Italy,2008,8,14,20
979,Italy,2010,1,1,3
980,Italy,2012,16,22,30
981,Italy,2014,0,2,12
982,Italy,2016,8,38,24
983,Italy-1,1956,2,0,0
984,Italy-1,1964,0,0,4
985,Italy-1,1968,6,0,0
986,Italy-1,1972,2,4,0
987,Italy-1,1980,0,2,0
988,Italy-1,1992,0,0,2
989,Italy-1,1994,2,0,2
990,Italy-1,1998,2,0,0
991,Italy-1,2002,0,0,2
992,Italy-1,2006,0,0,4
993,Italy-1,2016,0,2,0
994,Italy-2,1956,0,6,0
995,Italy-2,1964,0,2,4
996,Italy-2,1994,0,2,0
997,Jamaica,1948,1,2,0
998,Jamaica,1952,5,3,0
999,Jamaica,1968,0,1,0
1000,Jamaica,1972,0,0,1
1001,Jamaica,1976,1,1,0
1002,Jamaica,1980,0,0,3
1003,Jamaica,1984,0,5,2
1004,Jamaica,1988,0,7,0
1005,Jamaica,1992,0,3,1
1006,Jamaica,1996,1,3,12
1007,Jamaica,2000,0,20,3
1008,Jamaica,2004,6,1,6
1009,Jamaica,2008,5,3,6
1010,Jamaica,2012,8,9,8
1011,Jamaica,2016,11,17,2
1012,Japan,1920,0,3,0
1013,Japan,1924,0,0,1
1014,Japan,1928,2,6,1
1015,Japan,1932,10,17,4
1016,Japan,1936,9,4,10
1017,Japan,1952,1,9,2
1018,Japan,1956,4,16,5
1019,Japan,1960,9,10,12
1020,Japan,1964,32,5,25
1021,Japan,1968,16,25,22
1022,Japan,1972,30,20,9
1023,Japan,1976,25,6,10
1024,Japan,1980,0,1,0
1025,Japan,1984,10,9,31
1026,Japan,1988,4,3,14
1027,Japan,1992,6,10,43
1028,Japan,1994,3,5,2
1029,Japan,1996,3,26,13
1030,Japan,1998,8,1,4
1031,Japan,2000,5,31,8
1032,Japan,2002,0,1,1
1033,Japan,2004,21,20,52
1034,Japan,2006,1,0,0
1035,Japan,2008,23,15,13
1036,Japan,2010,0,5,2
1037,Japan,2012,7,42,33
1038,Japan,2014,1,4,6
1039,Japan,2016,17,13,34
1040,Japan-1,2012,0,2,0
1041,Jest,1956,2,0,0
1042,Jo,1920,3,0,0
1043,Jordan,2016,1,0,0
1044,Joy,1932,0,2,0
1045,Jupiter,1932,2,0,0
1046,K Division Metropolitan Police Team-3,1908,0,0,8
1047,Kathleen,1956,2,0,0
1048,Kazakhstan,1994,1,2,0
1049,Kazakhstan,1996,3,4,4
1050,Kazakhstan,1998,0,0,2
1051,Kazakhstan,2000,3,4,0
1052,Kazakhstan,2004,1,4,3
1053,Kazakhstan,2008,2,4,7
1054,Kazakhstan,2010,0,1,0
1055,Kazakhstan,2012,7,1,5
1056,Kazakhstan,2014,0,0,1
1057,Kazakhstan,2016,3,5,10
1058,Kenya,1964,0,0,1
1059,Kenya,1968,3,7,2
1060,Kenya,1972,5,3,4
1061,Kenya,1984,1,0,2
1062,Kenya,1988,5,2,2
1063,Kenya,1992,2,4,2
1064,Kenya,1996,1,4,3
1065,Kenya,2000,2,3,2
1066,Kenya,2004,1,4,2
1067,Kenya,2008,6,4,5
1068,Kenya,2012,2,4,5
1069,Kenya,2016,6,6,1
1070,Kerstin-1,1912,0,0,3
1071,Kitty-1,1912,8,0,0
1072,Kosovo,2016,1,0,0
1073,Kristiania Roklub-1,1912,0,0,5
1074,Kullan,1920,3,0,0
1075,Kurush II,1948,0,2,0
1076,Kuwait,2000,0,0,1
1077,Kuwait,2012,0,0,1
1078,Kyrgyzstan,2000,0,0,1
1079,Kyrgyzstan,2008,0,1,1
1080,L'Aile VI,1928,6,0,0
1081,Lady C,1964,0,2,0
1082,Lalage,1936,5,0,0
1083,"Large boat, Central Naval Prep School ""Poros""-1",1906,17,0,0
1084,Latvia,1932,0,1,0
1085,Latvia,1936,0,1,1
1086,Latvia,1992,0,2,1
1087,Latvia,1996,0,1,0
1088,Latvia,2000,1,1,1
1089,Latvia,2004,0,4,0
1090,Latvia,2006,0,0,1
1091,Latvia,2008,1,1,1
1092,Latvia,2010,0,1,0
1093,Latvia,2012,1,0,0
1094,Latvia,2014,0,1,4
1095,Latvia-1,2010,0,2,0
1096,Latvia-1,2012,0,0,2
1097,Latvia-1,2014,0,4,2
1098,Laurea-1,1900,0,0,1
1099,Leander Club #1-1,1908,2,0,0
1100,Leander Club #2-2,1908,0,2,0
1101,Leander Club-1,1908,9,0,0
1102,Leander Club-1,1912,9,0,0
1103,Leander Club-2,1908,0,4,0
1104,Lebanon,1952,0,1,1
1105,Lebanon,1972,0,1,0
1106,Lebanon,1980,0,0,1
1107,Lerina,1900,3,3,0
1108,Libellule de Paris,1900,0,0,7
1109,Liechtenstein,1976,0,0,2
1110,Liechtenstein,1980,2,2,0
1111,Liechtenstein,1984,0,0,2
1112,Liechtenstein,1988,0,0,1
1113,"Life boat naval ship ""Spetsai""-1",1906,0,7,0
1114,Lithuania,1992,1,0,12
1115,Lithuania,1996,0,0,11
1116,Lithuania,2000,2,0,15
1117,Lithuania,2004,1,2,0
1118,Lithuania,2008,0,2,3
1119,Lithuania,2012,2,1,2
1120,Lithuania,2016,0,2,5
1121,Liverpool Police Team-2,1908,0,8,0
1122,Llanoria,1948,5,0,0
1123,Llanoria,1952,6,0,0
1124,London City Police-1,1908,8,0,0
1125,Lucky Girl-1,1912,0,0,5
1126,Ludwigshafener Ruder Verein-1,1900,0,0,5
1127,Ludwigshafener Ruderverein,1912,5,0,0
1128,Lully II,1936,0,5,0
1129,Luxembourg,1900,1,0,0
1130,Luxembourg,1920,0,1,0
1131,Luxembourg,1924,1,1,0
1132,Luxembourg,1928,1,0,0
1133,Luxembourg,1952,1,0,0
1134,Luxembourg,1992,0,2,0
1135,Lyn-2,1920,0,5,0
1136,Ma'Lindo,1960,0,2,0
1137,Mac Miche,1912,3,0,0
1138,Macedonia,2000,0,0,1
1139,Macky VI,1960,0,0,3
1140,Magda IX,1912,10,0,0
1141,Magdalen College Boat Club-1,1908,4,0,0
1142,Malaysia,1996,0,0,1
1143,Malaysia,2008,0,1,0
1144,Malaysia,2012,0,1,1
1145,Malaysia,2016,0,7,1
1146,Malaysia-1,1996,0,2,0
1147,Malaysia-2,1992,0,0,2
1148,Margaret,1948,0,0,2
1149,"Marinai della nave da guerra ""Varese""",1906,7,0,17
1150,Marmi II-1,1920,0,3,0
1151,Martha-1,1900,0,4,4
1152,Mascotte,1900,0,3,0
1153,Mauritius,2008,0,0,1
1154,May Be,1936,0,0,5
1155,Merope,1952,2,0,0
1156,Merope III,1956,0,2,0
1157,Mexico,1932,0,2,0
1158,Mexico,1936,0,0,16
1159,Mexico,1948,4,1,4
1160,Mexico,1952,0,1,0
1161,Mexico,1956,1,0,1
1162,Mexico,1960,0,0,1
1163,Mexico,1964,0,0,1
1164,Mexico,1968,3,3,3
1165,Mexico,1972,0,1,0
1166,Mexico,1976,1,0,1
1167,Mexico,1980,0,1,9
1168,Mexico,1984,2,3,1
1169,Mexico,1988,0,0,2
1170,Mexico,1992,0,1,0
1171,Mexico,1996,0,0,1
1172,Mexico,2000,1,2,3
1173,Mexico,2004,0,3,1
1174,Mexico,2008,2,0,2
1175,Mexico,2012,16,5,3
1176,Mexico,2016,0,3,2
1177,Mignon-3,1900,0,0,1
1178,Milwaukee Athletic Club-1,1904,5,0,0
1179,Minerva Amsterdam,1900,3,5,9
1180,Minotaur,1960,3,0,0
1181,Missouri Athletic Club-3,1904,0,0,11
1182,Mohawk Indians-2,1904,0,0,12
1183,Moldova,1996,0,2,1
1184,Moldova,2000,0,1,1
1185,Moldova,2008,0,0,1
1186,Moldova,2012,0,0,2
1187,Monaco,1924,0,0,1
1188,Mongolia,1968,0,1,3
1189,Mongolia,1972,0,1,0
1190,Mongolia,1976,0,1,0
1191,Mongolia,1980,0,2,2
1192,Mongolia,1988,0,0,1
1193,Mongolia,1992,0,0,2
1194,Mongolia,1996,0,0,1
1195,Mongolia,2004,0,0,1
1196,Mongolia,2008,2,2,0
1197,Mongolia,2012,0,2,3
1198,Mongolia,2016,0,1,1
1199,Montenegro,2012,0,14,0
1200,Morocco,1960,0,1,0
1201,Morocco,1984,2,0,0
1202,Morocco,1988,1,0,2
1203,Morocco,1992,1,1,1
1204,Morocco,1996,0,0,2
1205,Morocco,2000,0,1,4
1206,Morocco,2004,2,1,0
1207,Morocco,2008,0,1,1
1208,Morocco,2012,0,0,1
1209,Morocco,2016,0,0,1
1210,Moseley Wanderers,1900,0,15,0
1211,Mosk II,1920,7,0,0
1212,Mouchette-2,1908,0,10,0
1213,Mound City Rowing Club-2,1904,0,4,0
1214,Mozambique,1996,0,0,1
1215,Mozambique,2000,1,0,0
1216,Mutafo,1964,0,3,0
1217,Nadine,2008,0,1,0
1218,Namibia,1992,0,2,0
1219,Namibia,1996,0,2,0
1220,Namoussa,1924,0,0,5
1221,Nepal,1924,1,0,0
1222,Netherlands,1900,0,0,6
1223,Netherlands,1906,0,1,5
1224,Netherlands,1908,0,0,12
1225,Netherlands,1912,0,0,26
1226,Netherlands,1920,9,8,25
1227,Netherlands,1924,8,1,15
1228,Netherlands,1928,20,23,8
1229,Netherlands,1932,2,10,1
1230,Netherlands,1936,8,7,19
1231,Netherlands,1948,8,2,30
1232,Netherlands,1952,0,21,0
1233,Netherlands,1960,0,2,3
1234,Netherlands,1964,6,11,16
1235,Netherlands,1968,9,10,4
1236,Netherlands,1972,7,4,4
1237,Netherlands,1976,1,4,15
1238,Netherlands,1980,1,3,6
1239,Netherlands,1984,20,7,14
1240,Netherlands,1988,6,8,38
1241,Netherlands,1992,6,21,10
1242,Netherlands,1994,0,1,3
1243,Netherlands,1996,38,9,26
1244,Netherlands,1998,5,4,2
1245,Netherlands,2000,27,29,23
1246,Netherlands,2002,3,5,0
1247,Netherlands,2004,4,51,22
1248,Netherlands,2006,3,2,8
1249,Netherlands,2008,39,15,4
1250,Netherlands,2010,4,1,6
1251,Netherlands,2012,21,29,19
1252,Netherlands,2014,13,7,9
1253,Netherlands,2016,9,25,11
1254,Netherlands Antilles,1988,0,1,0
1255,Netherlands-1,2016,0,0,2
1256,"New College, Oxford-2",1912,0,9,0
1257,New York Athletic Club,1904,5,0,0
1258,New York Athletic Club #1-1,1904,4,0,0
1259,New York Athletic Club-1,1904,7,0,0
1260,"New York Turnverein, New York",1904,0,6,0
1261,New Zealand,1920,0,0,1
1262,New Zealand,1924,0,0,1
1263,New Zealand,1928,1,0,0
1264,New Zealand,1932,0,2,0
1265,New Zealand,1936,1,0,0
1266,New Zealand,1952,1,0,2
1267,New Zealand,1956,1,0,0
1268,New Zealand,1960,2,0,1
1269,New Zealand,1964,2,0,2
1270,New Zealand,1968,5,0,2
1271,New Zealand,1972,9,4,1
1272,New Zealand,1976,15,1,9
1273,New Zealand,1984,16,1,6
1274,New Zealand,1988,4,4,16
1275,New Zealand,1992,1,10,5
1276,New Zealand,1996,3,2,4
1277,New Zealand,2000,1,0,3
1278,New Zealand,2004,4,2,0
1279,New Zealand,2008,4,2,9
1280,New Zealand,2012,9,3,15
1281,New Zealand,2016,6,25,5
1282,Niger,1972,0,0,1
1283,Niger,2016,0,1,0
1284,Nigeria,1964,0,0,1
1285,Nigeria,1972,0,0,1
1286,Nigeria,1984,0,1,4
1287,Nigeria,1992,0,7,4
1288,Nigeria,1996,17,4,3
1289,Nigeria,2000,6,2,0
1290,Nigeria,2004,0,0,8
1291,Nigeria,2008,0,16,7
1292,Nigeria,2016,0,0,18
1293,Nina,1912,0,7,0
1294,Nina Claire-2,1900,0,0,4
1295,Nirefs,1960,3,0,0
1296,Norna,1928,4,0,0
1297,North Korea,1964,0,1,0
1298,North Korea,1972,1,1,13
1299,North Korea,1976,1,1,0
1300,North Korea,1980,0,3,2
1301,North Korea,1992,4,0,5
1302,North Korea,1996,2,1,2
1303,North Korea,2000,0,1,3
1304,North Korea,2004,0,4,1
1305,North Korea,2008,2,1,3
1306,North Korea,2012,4,0,2
1307,North Korea,2016,2,3,2
1308,North Korea-1,1992,0,0,2
1309,Norway,1900,0,6,3
1310,Norway,1904,2,0,0
1311,Norway,1906,20,5,0
1312,Norway,1908,7,32,3
1313,Norway,1912,25,6,24
1314,Norway,1920,14,40,24
1315,Norway,1924,10,12,9
1316,Norway,1928,6,8,6
1317,Norway,1932,3,4,3
1318,Norway,1936,8,9,18
1319,Norway,1948,4,7,17
1320,Norway,1952,9,6,6
1321,Norway,1956,3,1,3
1322,Norway,1960,3,6,0
1323,Norway,1964,3,6,6
1324,Norway,1968,15,11,2
1325,Norway,1972,4,10,11
1326,Norway,1976,5,10,1
1327,Norway,1980,1,5,9
1328,Norway,1984,6,6,7
1329,Norway,1988,2,26,5
1330,Norway,1992,11,30,6
1331,Norway,1994,8,17,5
1332,Norway,1996,2,3,18
1333,Norway,1998,13,15,12
1334,Norway,2000,20,4,19
1335,Norway,2002,23,11,7
1336,Norway,2004,5,0,2
1337,Norway,2006,2,9,12
1338,Norway,2008,16,5,1
1339,Norway,2010,16,14,9
1340,Norway,2012,15,1,1
1341,Norway,2014,18,5,13
1342,Norway,2016,0,0,19
1343,Nrnberg,1936,1,0,0
1344,Nurdug II,1912,0,3,0
1345,Nykjbings paa Falster,1912,5,0,0
1346,Olle,1900,6,0,0
1347,Omas Helliniki P. S.,1906,0,8,0
1348,Oranje,1920,3,0,0
1349,Ormsund Roklub-2,1912,0,0,5
1350,"Osborne Swimming Club, Manchester",1900,7,0,0
1351,Pakistan,1956,0,14,0
1352,Pakistan,1960,13,0,1
1353,Pakistan,1964,0,16,0
1354,Pakistan,1968,13,0,0
1355,Pakistan,1972,0,15,0
1356,Pakistan,1976,0,0,16
1357,Pakistan,1984,16,0,0
1358,Pakistan,1988,0,0,1
1359,Pakistan,1992,0,0,16
1360,Pan,1948,3,0,0
1361,Pan,1952,3,0,0
1362,Panama,1948,0,0,2
1363,Panama,2008,1,0,0
1364,Pandora,1964,2,0,0
1365,Paraguay,2004,0,17,0
1366,Peru,1948,1,0,0
1367,Peru,1984,0,1,0
1368,Peru,1988,0,12,0
1369,Peru,1992,0,1,0
1370,"Phalainis ton Thorichtou ""Hydra""-2",1906,0,17,7
1371,"Philadelphia Turngemeinde, Philadelphia",1904,6,0,0
1372,Philippines,1928,0,0,1
1373,Philippines,1932,0,0,3
1374,Philippines,1936,0,0,1
1375,Philippines,1964,0,1,0
1376,Philippines,1988,0,0,1
1377,Philippines,1992,0,0,1
1378,Philippines,1996,0,1,0
1379,Philippines,2016,0,1,0
1380,Pistoja/Firenze,1906,0,0,9
1381,Poland,1924,0,4,1
1382,Poland,1928,2,3,15
1383,Poland,1932,3,4,14
1384,Poland,1936,0,6,6
1385,Poland,1948,1,0,1
1386,Poland,1952,1,2,1
1387,Poland,1956,1,9,10
1388,Poland,1960,4,12,16
1389,Poland,1964,10,13,23
1390,Poland,1968,5,2,30
1391,Poland,1972,28,8,11
1392,Poland,1976,18,29,26
1393,Poland,1980,3,25,22
1394,Poland,1988,2,9,10
1395,Poland,1992,5,22,19
1396,Poland,1996,7,8,7
1397,Poland,2000,7,8,7
1398,Poland,2002,0,1,1
1399,Poland,2004,4,2,6
1400,Poland,2006,0,1,1
1401,Poland,2008,6,13,1
1402,Poland,2010,1,3,4
1403,Poland,2012,2,2,8
1404,Poland,2014,4,4,3
1405,Poland,2016,3,3,10
1406,Poland-1,2000,0,2,0
1407,Polyteknisk Roklub-1,1912,0,0,5
1408,Portugal,1924,0,0,4
1409,Portugal,1928,0,0,6
1410,Portugal,1936,0,0,3
1411,Portugal,1948,0,0,3
1412,Portugal,1976,0,2,0
1413,Portugal,1984,1,0,2
1414,Portugal,1988,1,0,0
1415,Portugal,1996,1,0,2
1416,Portugal,2000,0,0,2
1417,Portugal,2004,0,2,1
1418,Portugal,2008,1,1,0
1419,Portugal,2012,0,2,0
1420,Portugal,2016,0,0,1
1421,Potomac Archers,1904,4,0,0
1422,Potsdam,1936,0,0,1
1423,Puerto Rico,1948,0,0,1
1424,Puerto Rico,1976,0,0,1
1425,Puerto Rico,1984,0,1,1
1426,Puerto Rico,1992,0,0,1
1427,Puerto Rico,1996,0,0,1
1428,Puerto Rico,2012,0,1,1
1429,Puerto Rico,2016,1,0,0
1430,Pupilles de Neptune de Lille #2-1,1900,0,0,8
1431,Pupilles de Neptune de Lille-1,1900,0,0,4
1432,Qatar,1992,0,0,1
1433,Qatar,2000,0,0,1
1434,Qatar,2012,0,0,2
1435,Qatar,2016,0,1,0
1436,Quand-Mme-2,1900,0,9,0
1437,Racing Club de France,1900,0,11,0
1438,Ralia,1952,0,0,5
1439,Ravenswood Boat Club-2,1904,0,2,0
1440,Roddklubben af 1912-1,1912,0,5,0
1441,Roehampton-1,1908,4,0,0
1442,Romania,1924,0,0,16
1443,Romania,1936,0,1,0
1444,Romania,1952,1,1,2
1445,Romania,1956,6,3,10
1446,Romania,1960,3,1,11
1447,Romania,1964,2,4,10
1448,Romania,1968,5,9,9
1449,Romania,1972,3,10,27
1450,Romania,1976,4,28,23
1451,Romania,1980,7,15,46
1452,Romania,1984,40,31,35
1453,Romania,1988,8,34,16
1454,Romania,1992,8,31,14
1455,Romania,1996,13,10,15
1456,Romania,2000,27,6,13
1457,Romania,2004,23,5,11
1458,Romania,2008,5,1,16
1459,Romania,2012,2,8,6
1460,Romania,2016,4,2,10
1461,Romania-1,1968,0,0,2
1462,Rose Pompon,1920,0,3,0
1463,Rostock,1936,0,1,0
1464,Rowing Club Castillon-3,1900,0,0,3
1465,Royal Club Nautique de Gand,1900,0,9,0
1466,Royal Club Nautique de Gand,1906,0,3,0
1467,Royal Club Nautique de Gand,1908,0,9,0
1468,Rush V,1956,3,0,0
1469,Rush VII,1964,0,3,0
1470,Russia,1908,1,2,0
1471,Russia,1912,0,5,2
1472,Russia,1994,15,9,4
1473,Russia,1996,36,45,34
1474,Russia,1998,10,28,6
1475,Russia,2000,66,67,54
1476,Russia,2002,4,3,27
1477,Russia,2004,48,46,95
1478,Russia,2006,12,8,13
1479,Russia,2008,43,46,53
1480,Russia,2010,6,5,10
1481,Russia,2012,50,39,49
1482,Russia,2014,25,20,11
1483,Russia,2016,50,28,35
1484,Russia-1,1994,4,0,0
1485,Russia-1,1998,4,0,0
1486,Russia-1,2002,2,2,0
1487,Russia-1,2006,4,4,0
1488,Russia-1,2010,0,0,4
1489,Russia-1,2012,0,0,2
1490,Russia-1,2014,8,0,2
1491,Russia-2,1994,0,4,0
1492,Russia-2,1998,0,4,0
1493,Russia-2,2014,0,2,0
1494,Russia-2,2016,2,0,0
1495,Salinero,2008,0,1,0
1496,Sans Atout-1,1912,0,5,0
1497,Santa Maria,1932,0,6,0
1498,Sarcelle-3,1900,0,0,3
1499,Satchmo,2008,1,0,0
1500,Saudi Arabia,2000,0,1,1
1501,Saudi Arabia,2012,0,0,4
1502,Scamasaxe-2,1900,0,0,2
1503,Scamasaxe-3,1900,0,2,0
1504,Scotia,1900,6,0,0
1505,Scotland-3,1908,0,0,11
1506,Seawanhaka Boat Club-1,1904,2,0,0
1507,Senegal,1988,0,1,0
1508,Serbia,2008,0,1,14
1509,Serbia,2012,1,1,14
1510,Serbia,2016,14,27,13
1511,Serbia and Montenegro,1996,1,12,13
1512,Serbia and Montenegro,2000,11,1,13
1513,Serbia and Montenegro,2004,0,13,0
1514,Shrew II,1960,0,0,2
1515,Sif,1920,4,0,0
1516,Sildra-1,1920,4,0,0
1517,Silja,1936,0,6,0
1518,Singapore,1960,0,1,0
1519,Singapore,2008,0,3,0
1520,Singapore,2012,0,0,4
1521,Singapore,2016,1,0,0
1522,Sirene,1960,2,0,0
1523,Skum,1960,0,2,0
1524,Slaghoken,1948,0,3,0
1525,Slaghoken II,1956,3,0,0
1526,Slovakia,1996,1,1,1
1527,Slovakia,2000,2,3,1
1528,Slovakia,2004,3,2,5
1529,Slovakia,2006,0,1,0
1530,Slovakia,2008,4,5,1
1531,Slovakia,2010,1,1,1
1532,Slovakia,2012,0,1,4
1533,Slovakia,2014,1,0,0
1534,Slovakia,2016,3,5,0
1535,Slovenia,1992,0,0,6
1536,Slovenia,1994,0,0,3
1537,Slovenia,1996,0,2,0
1538,Slovenia,2000,3,0,0
1539,Slovenia,2002,0,0,4
1540,Slovenia,2004,0,2,3
1541,Slovenia,2008,1,2,2
1542,Slovenia,2010,0,2,1
1543,Slovenia,2012,1,1,3
1544,Slovenia,2014,2,2,4
1545,Slovenia,2016,1,2,1
1546,Smyrna,1906,0,11,0
1547,Snap,1948,0,0,3
1548,Societ Nautique de la Marne-1,1900,0,2,0
1549,Socit Nautique de Bayonne-1,1906,0,0,3
1550,Socit Nautique de Bayonne-2,1906,0,0,5
1551,Socit Nautique de la Basse Seine-1,1906,0,5,3
1552,Sorais-2,1908,0,0,5
1553,South Africa,1908,1,1,0
1554,South Africa,1912,5,2,0
1555,South Africa,1920,3,12,6
1556,South Africa,1924,1,1,1
1557,South Africa,1928,1,0,5
1558,South Africa,1932,2,0,3
1559,South Africa,1936,0,1,0
1560,South Africa,1948,2,2,2
1561,South Africa,1952,2,8,4
1562,South Africa,1956,0,0,7
1563,South Africa,1960,0,1,2
1564,South Africa,1992,0,3,0
1565,South Africa,1996,3,1,1
1566,South Africa,2000,0,2,3
1567,South Africa,2004,4,3,3
1568,South Africa,2008,0,1,0
1569,South Africa,2012,6,2,1
1570,South Africa,2016,2,7,14
1571,South Korea,1948,0,0,2
1572,South Korea,1952,0,0,2
1573,South Korea,1956,0,1,1
1574,South Korea,1964,0,2,1
1575,South Korea,1968,0,1,1
1576,South Korea,1972,0,1,0
1577,South Korea,1976,1,1,15
1578,South Korea,1984,6,28,7
1579,South Korea,1988,28,37,10
1580,South Korea,1992,29,6,9
1581,South Korea,1994,7,1,1
1582,South Korea,1996,8,45,3
1583,South Korea,1998,6,4,2
1584,South Korea,2000,12,24,31
1585,South Korea,2002,5,2,0
1586,South Korea,2004,12,26,8
1587,South Korea,2006,14,3,2
1588,South Korea,2008,39,9,24
1589,South Korea,2010,6,10,2
1590,South Korea,2012,18,13,28
1591,South Korea,2014,7,5,2
1592,South Korea,2016,13,3,8
1593,South Korea-1,1992,2,0,6
1594,South Korea-1,1996,2,0,2
1595,South Korea-1,2000,0,2,2
1596,South Korea-1,2004,0,2,2
1597,South Korea-1,2008,2,2,2
1598,South Korea-1,2012,0,0,2
1599,South Korea-1,2016,0,0,2
1600,South Korea-2,1988,0,0,2
1601,South Korea-2,1992,2,0,2
1602,South Korea-2,1996,0,4,2
1603,South Korea-2,2000,0,0,2
1604,South Korea-2,2004,2,0,0
1605,Soviet Union,1952,36,62,19
1606,Soviet Union,1956,94,51,61
1607,Soviet Union,1960,66,70,73
1608,Soviet Union,1964,88,71,60
1609,Soviet Union,1968,89,67,69
1610,Soviet Union,1972,141,51,63
1611,Soviet Union,1976,148,100,88
1612,Soviet Union,1980,201,156,131
1613,Soviet Union,1984,27,11,6
1614,Soviet Union,1988,168,77,107
1615,Soviet Union-1,1964,2,0,0
1616,Soviet Union-1,1968,2,0,0
1617,Soviet Union-1,1972,2,0,0
1618,Soviet Union-1,1976,4,0,0
1619,Soviet Union-1,1980,4,0,0
1620,Soviet Union-1,1984,2,4,0
1621,Soviet Union-1,1988,6,0,0
1622,Soviet Union-2,1968,0,2,0
1623,Soviet Union-2,1972,0,2,0
1624,Soviet Union-2,1976,0,2,0
1625,Soviet Union-2,1980,0,2,2
1626,Soviet Union-2,1984,0,0,6
1627,Soviet Union-2,1988,0,4,4
1628,Spain,1900,2,0,0
1629,Spain,1920,0,23,0
1630,Spain,1928,3,0,0
1631,Spain,1932,0,0,1
1632,Spain,1948,0,3,0
1633,Spain,1952,0,1,0
1634,Spain,1960,0,0,14
1635,Spain,1972,1,0,1
1636,Spain,1976,0,6,0
1637,Spain,1980,2,19,3
1638,Spain,1984,2,14,3
1639,Spain,1988,1,2,2
1640,Spain,1992,48,19,3
1641,Spain,1996,23,21,22
1642,Spain,2000,3,19,20
1643,Spain,2004,4,15,9
1644,Spain,2008,7,45,16
1645,Spain,2012,5,33,25
1646,Spain,2016,7,19,17
1647,Spain-1,2008,0,2,0
1648,Spain-2,2004,0,2,0
1649,Spain-2,2016,2,0,0
1650,Sri Lanka,1948,0,1,0
1651,Sri Lanka,2000,0,1,0
1652,St. Louis Amateur Athletic Association,1904,0,12,0
1653,St. Louis Southwest Turnverein #1-2,1904,0,5,0
1654,St. Louis Southwest Turnverein #2-3,1904,0,0,5
1655,St. Rose-2,1904,0,0,12
1656,Starita,1948,0,0,2
1657,Stella-2,1920,0,0,3
1658,Sudan,2008,0,1,0
1659,Sunrise,2008,0,1,0
1660,Sunshine,1936,0,2,0
1661,Suriname,1988,1,0,0
1662,Suriname,1992,0,0,1
1663,Sweden,1900,0,0,1
1664,Sweden,1906,2,5,14
1665,Sweden,1908,48,13,18
1666,Sweden,1912,95,38,20
1667,Sweden,1920,45,34,64
1668,Sweden,1924,8,30,43
1669,Sweden,1928,9,21,17
1670,Sweden,1932,10,9,10
1671,Sweden,1936,9,11,18
1672,Sweden,1948,37,15,28
1673,Sweden,1952,23,21,43
1674,Sweden,1956,10,18,15
1675,Sweden,1960,7,4,5
1676,Sweden,1964,9,22,7
1677,Sweden,1968,7,11,7
1678,Sweden,1972,5,11,10
1679,Sweden,1976,9,1,2
1680,Sweden,1980,6,8,29
1681,Sweden,1984,10,20,34
1682,Sweden,1988,7,5,34
1683,Sweden,1992,2,27,13
1684,Sweden,1994,23,1,0
1685,Sweden,1996,3,23,5
1686,Sweden,1998,0,2,5
1687,Sweden,2000,4,20,8
1688,Sweden,2002,0,2,24
1689,Sweden,2004,5,5,2
1690,Sweden,2006,35,21,8
1691,Sweden,2008,0,3,2
1692,Sweden,2010,11,3,4
1693,Sweden,2012,2,17,3
1694,Sweden,2014,8,32,11
1695,Sweden,2016,2,23,3
1696,Sweden-1,1912,0,2,0
1697,Sweden-2,1912,0,2,0
1698,Sweden-2,2008,0,2,0
1699,Sweden-3,1912,0,0,2
1700,Swedish Star,1932,0,0,2
1701,Swift,1948,2,0,0
1702,Switzerland,1896,1,2,0
1703,Switzerland,1900,13,1,1
1704,Switzerland,1904,1,0,2
1705,Switzerland,1906,8,3,1
1706,Switzerland,1912,2,0,0
1707,Switzerland,1920,6,2,21
1708,Switzerland,1924,18,25,22
1709,Switzerland,1928,16,10,16
1710,Switzerland,1932,0,1,0
1711,Switzerland,1936,5,23,24
1712,Switzerland,1948,7,28,25
1713,Switzerland,1952,2,19,12
1714,Switzerland,1956,2,2,3
1715,Switzerland,1960,2,6,3
1716,Switzerland,1964,1,4,1
1717,Switzerland,1968,0,5,13
1718,Switzerland,1972,3,11,5
1719,Switzerland,1976,2,5,6
1720,Switzerland,1980,2,0,3
1721,Switzerland,1984,2,11,4
1722,Switzerland,1988,4,13,7
1723,Switzerland,1992,1,0,1
1724,Switzerland,1994,2,2,4
1725,Switzerland,1996,5,6,0
1726,Switzerland,1998,6,1,3
1727,Switzerland,2000,1,11,2
1728,Switzerland,2002,3,5,12
1729,Switzerland,2004,1,2,2
1730,Switzerland,2006,5,7,3
1731,Switzerland,2008,3,1,7
1732,Switzerland,2010,6,0,6
1733,Switzerland,2012,2,2,0
1734,Switzerland,2014,6,2,20
1735,Switzerland,2016,6,3,2
1736,Switzerland-1,1924,4,0,0
1737,Switzerland-1,1936,0,4,0
1738,Switzerland-1,1948,0,2,0
1739,Switzerland-1,1952,0,0,6
1740,Switzerland-1,1956,4,0,2
1741,Switzerland-1,1968,0,0,4
1742,Switzerland-1,1972,4,0,2
1743,Switzerland-1,1976,0,0,2
1744,Switzerland-1,1980,0,4,0
1745,Switzerland-1,1984,0,0,4
1746,Switzerland-1,1988,4,0,0
1747,Switzerland-1,1992,2,0,4
1748,Switzerland-1,1994,2,4,0
1749,Switzerland-1,1998,0,4,0
1750,Switzerland-1,2002,0,2,0
1751,Switzerland-1,2006,0,0,6
1752,Switzerland-1,2014,0,2,0
1753,Switzerland-2,1932,0,2,0
1754,Switzerland-2,1936,4,2,0
1755,Switzerland-2,1948,2,0,0
1756,Switzerland-2,1976,0,4,0
1757,Switzerland-2,1980,2,0,0
1758,Switzerland-2,1994,0,2,0
1759,Switzerland-2,2002,0,0,2
1760,Switzerland-2,2004,0,0,2
1761,Sylvia,1928,0,0,6
1762,Symphony,1948,0,2,0
1763,Syria,1984,0,1,0
1764,Syria,1996,1,0,0
1765,Syria,2004,0,0,1
1766,Taifun,1912,5,0,0
1767,Tajikistan,2008,0,1,1
1768,Tajikistan,2012,0,0,1
1769,Tajikistan,2016,1,0,0
1770,Tan-Fe-Pah,1920,0,3,0
1771,Tango,1960,0,3,0
1772,Tanzania,1980,0,2,0
1773,Thailand,1976,0,0,1
1774,Thailand,1984,0,1,0
1775,Thailand,1988,0,0,1
1776,Thailand,1992,0,0,1
1777,Thailand,1996,1,0,1
1778,Thailand,2000,1,0,2
1779,Thailand,2004,3,1,4
1780,Thailand,2008,2,2,0
1781,Thailand,2012,0,2,1
1782,Thailand,2016,2,2,2
1783,Thames Rowing Club,1912,0,5,0
1784,Thessalonki-1,1906,0,0,11
1785,Tip,1956,0,3,0
1786,Togo,2008,0,0,1
1787,Tonga,1996,0,1,0
1788,Tornado,1952,0,3,0
1789,Tornado,1960,2,0,0
1790,Toronto Argonauts,1904,0,9,0
1791,Toronto Argonauts,1908,0,0,9
1792,Trans-Mississippi Golf Association-2,1904,0,10,0
1793,Trinidad and Tobago,1948,0,1,0
1794,Trinidad and Tobago,1952,0,0,2
1795,Trinidad and Tobago,1964,0,1,5
1796,Trinidad and Tobago,1976,1,0,0
1797,Trinidad and Tobago,1996,0,0,2
1798,Trinidad and Tobago,2000,0,1,1
1799,Trinidad and Tobago,2004,0,0,1
1800,Trinidad and Tobago,2008,5,1,0
1801,Trinidad and Tobago,2012,1,4,5
1802,Trinidad and Tobago,2016,0,0,1
1803,Tritons Lillois-2,1900,0,5,0
1804,Tunisia,1964,0,1,1
1805,Tunisia,1968,1,0,1
1806,Tunisia,1972,0,1,0
1807,Tunisia,1996,0,0,1
1808,Tunisia,2008,1,0,0
1809,Tunisia,2012,1,1,1
1810,Tunisia,2016,0,0,3
1811,Turkey,1936,1,0,1
1812,Turkey,1948,6,4,2
1813,Turkey,1952,2,0,1
1814,Turkey,1956,3,2,2
1815,Turkey,1960,7,2,0
1816,Turkey,1964,2,3,1
1817,Turkey,1968,2,0,0
1818,Turkey,1972,0,1,0
1819,Turkey,1984,0,0,3
1820,Turkey,1988,1,1,0
1821,Turkey,1992,2,2,2
1822,Turkey,1996,4,1,1
1823,Turkey,2000,3,0,2
1824,Turkey,2004,3,3,5
1825,Turkey,2008,1,3,3
1826,Turkey,2012,2,2,1
1827,Turkey,2016,1,3,4
1828,Turquoise-1,1900,0,0,1
1829,Tutti V,1928,0,0,5
1830,USFSA,1900,0,13,0
1831,Uganda,1968,0,1,1
1832,Uganda,1972,1,1,0
1833,Uganda,1980,0,1,0
1834,Uganda,1996,0,0,1
1835,Uganda,2012,1,0,0
1836,Ukraine,1994,1,0,1
1837,Ukraine,1996,10,5,19
1838,Ukraine,1998,0,1,0
1839,Ukraine,2000,3,20,12
1840,Ukraine,2004,8,8,31
1841,Ukraine,2006,0,0,1
1842,Ukraine,2008,10,5,16
1843,Ukraine,2012,9,5,12
1844,Ukraine,2014,4,0,1
1845,Ukraine,2016,2,8,5
1846,Ukraine-1,2006,0,0,2
1847,Unified Team,1992,123,69,79
1848,Unified Team-1,1992,4,0,0
1849,Unified Team-2,1992,0,2,2
1850,Union des Socits Franais de Sports Athletiques,1900,17,12,0
1851,United Arab Emirates,2004,1,0,0
1852,United Arab Emirates,2016,0,0,1
1853,United Arab Republic,1960,0,1,1
1854,United States,1896,11,7,2
1855,United States,1900,18,14,13
1856,United States,1904,65,68,66
1857,United States,1906,12,6,6
1858,United States,1908,34,16,15
1859,United States,1912,46,25,36
1860,United States,1920,111,45,38
1861,United States,1924,92,44,50
1862,United States,1928,48,25,19
1863,United States,1932,71,57,62
1864,United States,1936,51,29,28
1865,United States,1948,82,34,33
1866,United States,1952,77,38,29
1867,United States,1956,61,61,21
1868,United States,1960,97,27,21
1869,United States,1964,96,37,32
1870,United States,1968,100,37,36
1871,United States,1972,72,77,46
1872,United States,1976,73,61,39
1873,United States,1980,24,4,2
1874,United States,1984,190,119,50
1875,United States,1988,89,67,56
1876,United States,1992,92,57,87
1877,United States,1994,6,8,5
1878,United States,1996,157,46,52
1879,United States,1998,25,2,3
1880,United States,2000,128,61,51
1881,United States,2002,9,52,9
1882,United States,2004,115,75,69
1883,United States,2006,9,7,32
1884,United States,2008,121,110,78
1885,United States,2010,8,61,20
1886,United States,2012,139,55,44
1887,United States,2014,8,28,16
1888,United States,2016,137,52,67
1889,United States Golf Association-3,1904,0,0,10
1890,United States Virgin Islands,1988,0,1,0
1891,United States-1,1904,2,0,0
1892,United States-1,1924,4,0,0
1893,United States-1,1928,0,5,0
1894,United States-1,1932,6,2,0
1895,United States-1,1936,2,0,0
1896,United States-1,1948,0,0,4
1897,United States-1,1952,0,8,0
1898,United States-1,1956,0,0,4
1899,United States-1,1960,0,0,2
1900,United States-1,1964,0,0,2
1901,United States-1,1976,0,0,2
1902,United States-1,1984,0,2,0
1903,United States-1,1988,0,0,2
1904,United States-1,1992,2,0,0
1905,United States-1,1996,2,0,0
1906,United States-1,1998,0,2,0
1907,United States-1,2000,2,0,0
1908,United States-1,2002,0,4,2
1909,United States-1,2004,2,0,0
1910,United States-1,2006,0,4,0
1911,United States-1,2008,4,0,2
1912,United States-1,2010,4,2,0
1913,United States-1,2012,6,0,2
1914,United States-1,2014,2,2,6
1915,United States-1,2016,0,2,2
1916,United States-2,1904,0,2,0
1917,United States-2,1924,2,2,0
1918,United States-2,1928,5,0,0
1919,United States-2,1932,0,4,2
1920,United States-2,1936,0,0,2
1921,United States-2,1948,4,0,2
1922,United States-2,1996,0,2,0
1923,United States-2,1998,0,0,2
1924,United States-2,2002,2,2,4
1925,United States-2,2004,0,0,2
1926,United States-2,2008,2,0,0
1927,United States-2,2010,0,0,2
1928,United States-2,2012,0,2,0
1929,United States-2,2014,0,0,2
1930,United States-2,2016,2,0,2
1931,United States-3,1904,0,0,2
1932,United States-4,1904,0,0,2
1933,United States/France,1900,0,2,0
1934,United States/Great Britain,1900,0,0,2
1935,Univ. of Brussels,1900,0,0,11
1936,Upton Park FC,1900,11,0,0
1937,Uruguay,1924,14,0,0
1938,Uruguay,1928,17,0,0
1939,Uruguay,1932,0,0,1
1940,Uruguay,1948,0,1,2
1941,Uruguay,1952,0,0,14
1942,Uruguay,1956,0,0,12
1943,Uruguay,1964,0,0,1
1944,Uruguay,2000,0,1,0
1945,Uzbekistan,1994,1,0,0
1946,Uzbekistan,1996,0,1,1
1947,Uzbekistan,2000,1,1,2
1948,Uzbekistan,2004,2,1,2
1949,Uzbekistan,2008,1,2,3
1950,Uzbekistan,2012,1,0,2
1951,Uzbekistan,2016,4,2,7
1952,Venezuela,1952,0,0,1
1953,Venezuela,1960,0,0,1
1954,Venezuela,1968,1,0,0
1955,Venezuela,1976,0,1,0
1956,Venezuela,1980,0,1,0
1957,Venezuela,1984,0,0,3
1958,Venezuela,2004,0,0,2
1959,Venezuela,2008,0,0,1
1960,Venezuela,2012,1,0,0
1961,Venezuela,2016,0,1,2
1962,Venilia,1960,0,0,3
1963,Vesper Boat Club,1900,9,0,0
1964,Vesper Boat Club,1904,9,0,0
1965,Vietnam,2000,0,1,0
1966,Vietnam,2008,0,1,0
1967,Vietnam,2016,1,1,0
1968,Vinga-1,1908,0,5,0
1969,Vision,1956,0,4,0
1970,Wales-4,1908,0,0,11
1971,Wannsee,1936,2,0,0
1972,Web II,1960,0,3,0
1973,West Germany,1968,19,17,19
1974,West Germany,1972,46,17,39
1975,West Germany,1976,23,28,51
1976,West Germany,1980,0,2,6
1977,West Germany,1984,31,76,57
1978,West Germany,1988,36,44,47
1979,West Germany-1,1968,0,2,4
1980,West Germany-1,1972,0,4,4
1981,West Germany-1,1976,0,4,4
1982,West Germany-1,1984,2,0,0
1983,West Germany-1,1988,0,0,2
1984,West Germany-2,1972,2,0,0
1985,West Indies Federation,1960,0,0,5
1986,Western Golf Association-1,1904,10,0,0
1987,Western Rowing Club-3,1904,0,0,6
1988,White Lady,1964,3,0,0
1989,Widgeon,1964,0,0,2
1990,Willem-Six,1924,0,0,3
1991,Winnipeg Shamrocks-1,1904,12,0,0
1992,Yugoslavia,1924,2,0,0
1993,Yugoslavia,1928,1,1,10
1994,Yugoslavia,1936,0,1,0
1995,Yugoslavia,1948,0,16,0
1996,Yugoslavia,1952,4,20,0
1997,Yugoslavia,1956,0,23,0
1998,Yugoslavia,1960,16,1,0
1999,Yugoslavia,1964,2,11,2
2000,Yugoslavia,1968,13,14,2
2001,Yugoslavia,1972,15,1,2
2002,Yugoslavia,1976,2,14,3
2003,Yugoslavia,1980,13,27,17
2004,Yugoslavia,1984,47,6,35
2005,Yugoslavia,1988,15,32,22
2006,Zambia,1984,0,0,1
2007,Zambia,1996,0,1,0
2008,Zimbabwe,1980,15,0,0
2009,Zimbabwe,2004,1,1,1
2010,Zimbabwe,2008,1,3,0
2011,Zut,1908,0,3,0
